{
    "timestamp": "2025-11-28 10:50:12",
    "model_type": "SE-CNN (Squeeze-and-Excitation CNN)",
    "dataset_path": "D:\\marketing-optimization-cnn\\data\\Dataset.csv",
    "model_architecture": {
        "conv_filters_1": 32,
        "conv_filters_2": 64,
        "kernel_size": 3,
        "dense_units": 64,
        "dropout_rate": 0.2,
        "embedding_dim": 8,
        "se_reduction_ratio": 16
    },
    "training_params": {
        "batch_size": 32,
        "epochs": 20,
        "learning_rate": 0.001,
        "classification_loss_weight": 0.6,
        "regression_loss_weight": 0.4
    },
    "optimization_params": {
        "total_budget": 200000,
        "min_budget_per_campaign": 100,
        "max_budget_per_campaign": 50000
    }
}